product_id,name,category,brand,description,price
1,Samsung Smartphone Pro,Smartphone,Samsung,"Samsung Smartphone Pro is a smartphone known for great performance, build quality and value for money. Ideal for daily use, smartphone lovers, and tech enthusiasts.",34333.07
2,Samsung Smartphone Max,Smartphone,Samsung,"Samsung Smartphone Max is a smartphone known for great performance, build quality and value for money. Ideal for daily use, smartphone lovers, and tech enthusiasts.",85612.57
3,Samsung Smartphone Ultra,Smartphone,Samsung,"Samsung Smartphone Ultra is a smartphone known for great performance, build quality and value for money. Ideal for daily use, smartphone lovers, and tech enthusiasts.",66146.46
4,Samsung Smartphone Lite,Smartphone,Samsung,"Samsung Smartphone Lite is a smartphone known for great performance, build quality and value for money. Ideal for daily use, smartphone lovers, and tech enthusiasts.",54279.61
5,Samsung Smartphone Plus,Smartphone,Samsung,"Samsung Smartphone Plus is a smartphone known for great performance, build quality and value for money. Ideal for daily use, smartphone lovers, and tech enthusiasts.",14884.66
6,Samsung Smartphone Air,Smartphone,Samsung,"Samsung Smartphone Air is a smartphone known for great performance, build quality and value for money. Ideal for daily use, smartphone lovers, and tech enthusiasts.",14882.51
7,Samsung Smartphone Neo,Smartphone,Samsung,"Samsung Smartphone Neo is a smartphone known for great performance, build quality and value for money. Ideal for daily use, smartphone lovers, and tech enthusiasts.",6168.44
8,Samsung Smartphone Edge,Smartphone,Samsung,"Samsung Smartphone Edge is a smartphone known for great performance, build quality and value for money. Ideal for daily use, smartphone lovers, and tech enthusiasts.",78088.68
9,Samsung Smartphone X,Smartphone,Samsung,"Samsung Smartphone X is a smartphone known for great performance, build quality and value for money. Ideal for daily use, smartphone lovers, and tech enthusiasts.",54498.24
10,Samsung Smartphone 2024,Smartphone,Samsung,"Samsung Smartphone 2024 is a smartphone known for great performance, build quality and value for money. Ideal for daily use, smartphone lovers, and tech enthusiasts.",64017.46
11,Apple Smartphone Pro,Smartphone,Apple,"Apple Smartphone Pro is a smartphone known for great performance, build quality and value for money. Ideal for daily use, smartphone lovers, and tech enthusiasts.",2831.02
12,Apple Smartphone Max,Smartphone,Apple,"Apple Smartphone Max is a smartphone known for great performance, build quality and value for money. Ideal for daily use, smartphone lovers, and tech enthusiasts.",87320.98
13,Apple Smartphone Ultra,Smartphone,Apple,"Apple Smartphone Ultra is a smartphone known for great performance, build quality and value for money. Ideal for daily use, smartphone lovers, and tech enthusiasts.",75086.4
14,Apple Smartphone Lite,Smartphone,Apple,"Apple Smartphone Lite is a smartphone known for great performance, build quality and value for money. Ideal for daily use, smartphone lovers, and tech enthusiasts.",19897.18
15,Apple Smartphone Plus,Smartphone,Apple,"Apple Smartphone Plus is a smartphone known for great performance, build quality and value for money. Ideal for daily use, smartphone lovers, and tech enthusiasts.",17181.42
16,Apple Smartphone Air,Smartphone,Apple,"Apple Smartphone Air is a smartphone known for great performance, build quality and value for money. Ideal for daily use, smartphone lovers, and tech enthusiasts.",17322.0
17,Apple Smartphone Neo,Smartphone,Apple,"Apple Smartphone Neo is a smartphone known for great performance, build quality and value for money. Ideal for daily use, smartphone lovers, and tech enthusiasts.",28076.56
18,Apple Smartphone Edge,Smartphone,Apple,"Apple Smartphone Edge is a smartphone known for great performance, build quality and value for money. Ideal for daily use, smartphone lovers, and tech enthusiasts.",47702.32
19,Apple Smartphone X,Smartphone,Apple,"Apple Smartphone X is a smartphone known for great performance, build quality and value for money. Ideal for daily use, smartphone lovers, and tech enthusiasts.",39442.11
20,Apple Smartphone 2024,Smartphone,Apple,"Apple Smartphone 2024 is a smartphone known for great performance, build quality and value for money. Ideal for daily use, smartphone lovers, and tech enthusiasts.",26918.39
21,OnePlus Smartphone Pro,Smartphone,OnePlus,"OnePlus Smartphone Pro is a smartphone known for great performance, build quality and value for money. Ideal for daily use, smartphone lovers, and tech enthusiasts.",55453.91
22,OnePlus Smartphone Max,Smartphone,OnePlus,"OnePlus Smartphone Max is a smartphone known for great performance, build quality and value for money. Ideal for daily use, smartphone lovers, and tech enthusiasts.",13413.95
23,OnePlus Smartphone Ultra,Smartphone,OnePlus,"OnePlus Smartphone Ultra is a smartphone known for great performance, build quality and value for money. Ideal for daily use, smartphone lovers, and tech enthusiasts.",26999.87
24,OnePlus Smartphone Lite,Smartphone,OnePlus,"OnePlus Smartphone Lite is a smartphone known for great performance, build quality and value for money. Ideal for daily use, smartphone lovers, and tech enthusiasts.",33605.2
25,OnePlus Smartphone Plus,Smartphone,OnePlus,"OnePlus Smartphone Plus is a smartphone known for great performance, build quality and value for money. Ideal for daily use, smartphone lovers, and tech enthusiasts.",41589.23
26,OnePlus Smartphone Air,Smartphone,OnePlus,"OnePlus Smartphone Air is a smartphone known for great performance, build quality and value for money. Ideal for daily use, smartphone lovers, and tech enthusiasts.",70879.66
27,OnePlus Smartphone Neo,Smartphone,OnePlus,"OnePlus Smartphone Neo is a smartphone known for great performance, build quality and value for money. Ideal for daily use, smartphone lovers, and tech enthusiasts.",18769.97
28,OnePlus Smartphone Edge,Smartphone,OnePlus,"OnePlus Smartphone Edge is a smartphone known for great performance, build quality and value for money. Ideal for daily use, smartphone lovers, and tech enthusiasts.",46765.87
29,OnePlus Smartphone X,Smartphone,OnePlus,"OnePlus Smartphone X is a smartphone known for great performance, build quality and value for money. Ideal for daily use, smartphone lovers, and tech enthusiasts.",53723.9
30,OnePlus Smartphone 2024,Smartphone,OnePlus,"OnePlus Smartphone 2024 is a smartphone known for great performance, build quality and value for money. Ideal for daily use, smartphone lovers, and tech enthusiasts.",5133.09
31,Xiaomi Smartphone Pro,Smartphone,Xiaomi,"Xiaomi Smartphone Pro is a smartphone known for great performance, build quality and value for money. Ideal for daily use, smartphone lovers, and tech enthusiasts.",55070.49
32,Xiaomi Smartphone Max,Smartphone,Xiaomi,"Xiaomi Smartphone Max is a smartphone known for great performance, build quality and value for money. Ideal for daily use, smartphone lovers, and tech enthusiasts.",16175.65
33,Xiaomi Smartphone Ultra,Smartphone,Xiaomi,"Xiaomi Smartphone Ultra is a smartphone known for great performance, build quality and value for money. Ideal for daily use, smartphone lovers, and tech enthusiasts.",6788.59
34,Xiaomi Smartphone Lite,Smartphone,Xiaomi,"Xiaomi Smartphone Lite is a smartphone known for great performance, build quality and value for money. Ideal for daily use, smartphone lovers, and tech enthusiasts.",85449.81
35,Xiaomi Smartphone Plus,Smartphone,Xiaomi,"Xiaomi Smartphone Plus is a smartphone known for great performance, build quality and value for money. Ideal for daily use, smartphone lovers, and tech enthusiasts.",86940.25
36,Xiaomi Smartphone Air,Smartphone,Xiaomi,"Xiaomi Smartphone Air is a smartphone known for great performance, build quality and value for money. Ideal for daily use, smartphone lovers, and tech enthusiasts.",72946.36
37,Xiaomi Smartphone Neo,Smartphone,Xiaomi,"Xiaomi Smartphone Neo is a smartphone known for great performance, build quality and value for money. Ideal for daily use, smartphone lovers, and tech enthusiasts.",28109.63
38,Xiaomi Smartphone Edge,Smartphone,Xiaomi,"Xiaomi Smartphone Edge is a smartphone known for great performance, build quality and value for money. Ideal for daily use, smartphone lovers, and tech enthusiasts.",9691.82
39,Xiaomi Smartphone X,Smartphone,Xiaomi,"Xiaomi Smartphone X is a smartphone known for great performance, build quality and value for money. Ideal for daily use, smartphone lovers, and tech enthusiasts.",61895.74
40,Xiaomi Smartphone 2024,Smartphone,Xiaomi,"Xiaomi Smartphone 2024 is a smartphone known for great performance, build quality and value for money. Ideal for daily use, smartphone lovers, and tech enthusiasts.",40172.57
41,Realme Smartphone Pro,Smartphone,Realme,"Realme Smartphone Pro is a smartphone known for great performance, build quality and value for money. Ideal for daily use, smartphone lovers, and tech enthusiasts.",11860.4
42,Realme Smartphone Max,Smartphone,Realme,"Realme Smartphone Max is a smartphone known for great performance, build quality and value for money. Ideal for daily use, smartphone lovers, and tech enthusiasts.",45069.74
43,Realme Smartphone Ultra,Smartphone,Realme,"Realme Smartphone Ultra is a smartphone known for great performance, build quality and value for money. Ideal for daily use, smartphone lovers, and tech enthusiasts.",4059.58
44,Realme Smartphone Lite,Smartphone,Realme,"Realme Smartphone Lite is a smartphone known for great performance, build quality and value for money. Ideal for daily use, smartphone lovers, and tech enthusiasts.",81928.52
45,Realme Smartphone Plus,Smartphone,Realme,"Realme Smartphone Plus is a smartphone known for great performance, build quality and value for money. Ideal for daily use, smartphone lovers, and tech enthusiasts.",24030.42
46,Realme Smartphone Air,Smartphone,Realme,"Realme Smartphone Air is a smartphone known for great performance, build quality and value for money. Ideal for daily use, smartphone lovers, and tech enthusiasts.",59963.48
47,Realme Smartphone Neo,Smartphone,Realme,"Realme Smartphone Neo is a smartphone known for great performance, build quality and value for money. Ideal for daily use, smartphone lovers, and tech enthusiasts.",28741.29
48,Realme Smartphone Edge,Smartphone,Realme,"Realme Smartphone Edge is a smartphone known for great performance, build quality and value for money. Ideal for daily use, smartphone lovers, and tech enthusiasts.",47285.05
49,Realme Smartphone X,Smartphone,Realme,"Realme Smartphone X is a smartphone known for great performance, build quality and value for money. Ideal for daily use, smartphone lovers, and tech enthusiasts.",49656.21
50,Realme Smartphone 2024,Smartphone,Realme,"Realme Smartphone 2024 is a smartphone known for great performance, build quality and value for money. Ideal for daily use, smartphone lovers, and tech enthusiasts.",17451.05
51,Dell Laptop Pro,Laptop,Dell,"Dell Laptop Pro is a laptop known for great performance, build quality and value for money. Ideal for daily use, laptop lovers, and tech enthusiasts.",87292.03
52,Dell Laptop Max,Laptop,Dell,"Dell Laptop Max is a laptop known for great performance, build quality and value for money. Ideal for daily use, laptop lovers, and tech enthusiasts.",69985.82
53,Dell Laptop Ultra,Laptop,Dell,"Dell Laptop Ultra is a laptop known for great performance, build quality and value for money. Ideal for daily use, laptop lovers, and tech enthusiasts.",84614.41
54,Dell Laptop Lite,Laptop,Dell,"Dell Laptop Lite is a laptop known for great performance, build quality and value for money. Ideal for daily use, laptop lovers, and tech enthusiasts.",80638.63
55,Dell Laptop Plus,Laptop,Dell,"Dell Laptop Plus is a laptop known for great performance, build quality and value for money. Ideal for daily use, laptop lovers, and tech enthusiasts.",54212.1
56,Dell Laptop Air,Laptop,Dell,"Dell Laptop Air is a laptop known for great performance, build quality and value for money. Ideal for daily use, laptop lovers, and tech enthusiasts.",83045.81
57,Dell Laptop Neo,Laptop,Dell,"Dell Laptop Neo is a laptop known for great performance, build quality and value for money. Ideal for daily use, laptop lovers, and tech enthusiasts.",8874.83
58,Dell Laptop Edge,Laptop,Dell,"Dell Laptop Edge is a laptop known for great performance, build quality and value for money. Ideal for daily use, laptop lovers, and tech enthusiasts.",18441.47
59,Dell Laptop X,Laptop,Dell,"Dell Laptop X is a laptop known for great performance, build quality and value for money. Ideal for daily use, laptop lovers, and tech enthusiasts.",5024.23
60,Dell Laptop 2024,Laptop,Dell,"Dell Laptop 2024 is a laptop known for great performance, build quality and value for money. Ideal for daily use, laptop lovers, and tech enthusiasts.",29953.4
61,HP Laptop Pro,Laptop,HP,"HP Laptop Pro is a laptop known for great performance, build quality and value for money. Ideal for daily use, laptop lovers, and tech enthusiasts.",35591.28
62,HP Laptop Max,Laptop,HP,"HP Laptop Max is a laptop known for great performance, build quality and value for money. Ideal for daily use, laptop lovers, and tech enthusiasts.",25149.06
63,HP Laptop Ultra,Laptop,HP,"HP Laptop Ultra is a laptop known for great performance, build quality and value for money. Ideal for daily use, laptop lovers, and tech enthusiasts.",74756.64
64,HP Laptop Lite,Laptop,HP,"HP Laptop Lite is a laptop known for great performance, build quality and value for money. Ideal for daily use, laptop lovers, and tech enthusiasts.",32750.05
65,HP Laptop Plus,Laptop,HP,"HP Laptop Plus is a laptop known for great performance, build quality and value for money. Ideal for daily use, laptop lovers, and tech enthusiasts.",26002.17
66,HP Laptop Air,Laptop,HP,"HP Laptop Air is a laptop known for great performance, build quality and value for money. Ideal for daily use, laptop lovers, and tech enthusiasts.",49298.95
67,HP Laptop Neo,Laptop,HP,"HP Laptop Neo is a laptop known for great performance, build quality and value for money. Ideal for daily use, laptop lovers, and tech enthusiasts.",13541.26
68,HP Laptop Edge,Laptop,HP,"HP Laptop Edge is a laptop known for great performance, build quality and value for money. Ideal for daily use, laptop lovers, and tech enthusiasts.",72394.53
69,HP Laptop X,Laptop,HP,"HP Laptop X is a laptop known for great performance, build quality and value for money. Ideal for daily use, laptop lovers, and tech enthusiasts.",7634.01
70,HP Laptop 2024,Laptop,HP,"HP Laptop 2024 is a laptop known for great performance, build quality and value for money. Ideal for daily use, laptop lovers, and tech enthusiasts.",88831.94
71,Lenovo Laptop Pro,Laptop,Lenovo,"Lenovo Laptop Pro is a laptop known for great performance, build quality and value for money. Ideal for daily use, laptop lovers, and tech enthusiasts.",69728.78
72,Lenovo Laptop Max,Laptop,Lenovo,"Lenovo Laptop Max is a laptop known for great performance, build quality and value for money. Ideal for daily use, laptop lovers, and tech enthusiasts.",18684.7
73,Lenovo Laptop Ultra,Laptop,Lenovo,"Lenovo Laptop Ultra is a laptop known for great performance, build quality and value for money. Ideal for daily use, laptop lovers, and tech enthusiasts.",1490.47
74,Lenovo Laptop Lite,Laptop,Lenovo,"Lenovo Laptop Lite is a laptop known for great performance, build quality and value for money. Ideal for daily use, laptop lovers, and tech enthusiasts.",73575.07
75,Lenovo Laptop Plus,Laptop,Lenovo,"Lenovo Laptop Plus is a laptop known for great performance, build quality and value for money. Ideal for daily use, laptop lovers, and tech enthusiasts.",63909.3
76,Lenovo Laptop Air,Laptop,Lenovo,"Lenovo Laptop Air is a laptop known for great performance, build quality and value for money. Ideal for daily use, laptop lovers, and tech enthusiasts.",65880.64
77,Lenovo Laptop Neo,Laptop,Lenovo,"Lenovo Laptop Neo is a laptop known for great performance, build quality and value for money. Ideal for daily use, laptop lovers, and tech enthusiasts.",69642.06
78,Lenovo Laptop Edge,Laptop,Lenovo,"Lenovo Laptop Edge is a laptop known for great performance, build quality and value for money. Ideal for daily use, laptop lovers, and tech enthusiasts.",7588.97
79,Lenovo Laptop X,Laptop,Lenovo,"Lenovo Laptop X is a laptop known for great performance, build quality and value for money. Ideal for daily use, laptop lovers, and tech enthusiasts.",32902.45
80,Lenovo Laptop 2024,Laptop,Lenovo,"Lenovo Laptop 2024 is a laptop known for great performance, build quality and value for money. Ideal for daily use, laptop lovers, and tech enthusiasts.",11311.35
81,Asus Laptop Pro,Laptop,Asus,"Asus Laptop Pro is a laptop known for great performance, build quality and value for money. Ideal for daily use, laptop lovers, and tech enthusiasts.",77815.2
82,Asus Laptop Max,Laptop,Asus,"Asus Laptop Max is a laptop known for great performance, build quality and value for money. Ideal for daily use, laptop lovers, and tech enthusiasts.",56472.53
83,Asus Laptop Ultra,Laptop,Asus,"Asus Laptop Ultra is a laptop known for great performance, build quality and value for money. Ideal for daily use, laptop lovers, and tech enthusiasts.",30448.92
84,Asus Laptop Lite,Laptop,Asus,"Asus Laptop Lite is a laptop known for great performance, build quality and value for money. Ideal for daily use, laptop lovers, and tech enthusiasts.",6655.69
85,Asus Laptop Plus,Laptop,Asus,"Asus Laptop Plus is a laptop known for great performance, build quality and value for money. Ideal for daily use, laptop lovers, and tech enthusiasts.",28676.43
86,Asus Laptop Air,Laptop,Asus,"Asus Laptop Air is a laptop known for great performance, build quality and value for money. Ideal for daily use, laptop lovers, and tech enthusiasts.",29940.32
87,Asus Laptop Neo,Laptop,Asus,"Asus Laptop Neo is a laptop known for great performance, build quality and value for money. Ideal for daily use, laptop lovers, and tech enthusiasts.",65933.95
88,Asus Laptop Edge,Laptop,Asus,"Asus Laptop Edge is a laptop known for great performance, build quality and value for money. Ideal for daily use, laptop lovers, and tech enthusiasts.",57741.61
89,Asus Laptop X,Laptop,Asus,"Asus Laptop X is a laptop known for great performance, build quality and value for money. Ideal for daily use, laptop lovers, and tech enthusiasts.",79960.93
90,Asus Laptop 2024,Laptop,Asus,"Asus Laptop 2024 is a laptop known for great performance, build quality and value for money. Ideal for daily use, laptop lovers, and tech enthusiasts.",43026.13
91,Apple Laptop Pro,Laptop,Apple,"Apple Laptop Pro is a laptop known for great performance, build quality and value for money. Ideal for daily use, laptop lovers, and tech enthusiasts.",11642.89
92,Apple Laptop Max,Laptop,Apple,"Apple Laptop Max is a laptop known for great performance, build quality and value for money. Ideal for daily use, laptop lovers, and tech enthusiasts.",64477.79
93,Apple Laptop Ultra,Laptop,Apple,"Apple Laptop Ultra is a laptop known for great performance, build quality and value for money. Ideal for daily use, laptop lovers, and tech enthusiasts.",68708.87
94,Apple Laptop Lite,Laptop,Apple,"Apple Laptop Lite is a laptop known for great performance, build quality and value for money. Ideal for daily use, laptop lovers, and tech enthusiasts.",50952.67
95,Apple Laptop Plus,Laptop,Apple,"Apple Laptop Plus is a laptop known for great performance, build quality and value for money. Ideal for daily use, laptop lovers, and tech enthusiasts.",69615.08
96,Apple Laptop Air,Laptop,Apple,"Apple Laptop Air is a laptop known for great performance, build quality and value for money. Ideal for daily use, laptop lovers, and tech enthusiasts.",44946.81
97,Apple Laptop Neo,Laptop,Apple,"Apple Laptop Neo is a laptop known for great performance, build quality and value for money. Ideal for daily use, laptop lovers, and tech enthusiasts.",47522.22
98,Apple Laptop Edge,Laptop,Apple,"Apple Laptop Edge is a laptop known for great performance, build quality and value for money. Ideal for daily use, laptop lovers, and tech enthusiasts.",39050.15
99,Apple Laptop X,Laptop,Apple,"Apple Laptop X is a laptop known for great performance, build quality and value for money. Ideal for daily use, laptop lovers, and tech enthusiasts.",3261.3
100,Apple Laptop 2024,Laptop,Apple,"Apple Laptop 2024 is a laptop known for great performance, build quality and value for money. Ideal for daily use, laptop lovers, and tech enthusiasts.",10601.34
101,Sony Headphones Pro,Headphones,Sony,"Sony Headphones Pro is a headphones known for great performance, build quality and value for money. Ideal for daily use, headphones lovers, and tech enthusiasts.",3796.2
102,Sony Headphones Max,Headphones,Sony,"Sony Headphones Max is a headphones known for great performance, build quality and value for money. Ideal for daily use, headphones lovers, and tech enthusiasts.",57639.53
103,Sony Headphones Ultra,Headphones,Sony,"Sony Headphones Ultra is a headphones known for great performance, build quality and value for money. Ideal for daily use, headphones lovers, and tech enthusiasts.",28976.68
104,Sony Headphones Lite,Headphones,Sony,"Sony Headphones Lite is a headphones known for great performance, build quality and value for money. Ideal for daily use, headphones lovers, and tech enthusiasts.",46261.79
105,Sony Headphones Plus,Headphones,Sony,"Sony Headphones Plus is a headphones known for great performance, build quality and value for money. Ideal for daily use, headphones lovers, and tech enthusiasts.",81772.42
106,Sony Headphones Air,Headphones,Sony,"Sony Headphones Air is a headphones known for great performance, build quality and value for money. Ideal for daily use, headphones lovers, and tech enthusiasts.",23186.01
107,Sony Headphones Neo,Headphones,Sony,"Sony Headphones Neo is a headphones known for great performance, build quality and value for money. Ideal for daily use, headphones lovers, and tech enthusiasts.",37523.08
108,Sony Headphones Edge,Headphones,Sony,"Sony Headphones Edge is a headphones known for great performance, build quality and value for money. Ideal for daily use, headphones lovers, and tech enthusiasts.",68243.05
109,Sony Headphones X,Headphones,Sony,"Sony Headphones X is a headphones known for great performance, build quality and value for money. Ideal for daily use, headphones lovers, and tech enthusiasts.",21362.04
110,Sony Headphones 2024,Headphones,Sony,"Sony Headphones 2024 is a headphones known for great performance, build quality and value for money. Ideal for daily use, headphones lovers, and tech enthusiasts.",7850.21
111,JBL Headphones Pro,Headphones,JBL,"JBL Headphones Pro is a headphones known for great performance, build quality and value for money. Ideal for daily use, headphones lovers, and tech enthusiasts.",26786.88
112,JBL Headphones Max,Headphones,JBL,"JBL Headphones Max is a headphones known for great performance, build quality and value for money. Ideal for daily use, headphones lovers, and tech enthusiasts.",15347.69
113,JBL Headphones Ultra,Headphones,JBL,"JBL Headphones Ultra is a headphones known for great performance, build quality and value for money. Ideal for daily use, headphones lovers, and tech enthusiasts.",83742.09
114,JBL Headphones Lite,Headphones,JBL,"JBL Headphones Lite is a headphones known for great performance, build quality and value for money. Ideal for daily use, headphones lovers, and tech enthusiasts.",72921.71
115,JBL Headphones Plus,Headphones,JBL,"JBL Headphones Plus is a headphones known for great performance, build quality and value for money. Ideal for daily use, headphones lovers, and tech enthusiasts.",57371.93
116,JBL Headphones Air,Headphones,JBL,"JBL Headphones Air is a headphones known for great performance, build quality and value for money. Ideal for daily use, headphones lovers, and tech enthusiasts.",78558.99
117,JBL Headphones Neo,Headphones,JBL,"JBL Headphones Neo is a headphones known for great performance, build quality and value for money. Ideal for daily use, headphones lovers, and tech enthusiasts.",72525.81
118,JBL Headphones Edge,Headphones,JBL,"JBL Headphones Edge is a headphones known for great performance, build quality and value for money. Ideal for daily use, headphones lovers, and tech enthusiasts.",17603.74
119,JBL Headphones X,Headphones,JBL,"JBL Headphones X is a headphones known for great performance, build quality and value for money. Ideal for daily use, headphones lovers, and tech enthusiasts.",80436.75
120,JBL Headphones 2024,Headphones,JBL,"JBL Headphones 2024 is a headphones known for great performance, build quality and value for money. Ideal for daily use, headphones lovers, and tech enthusiasts.",49000.46
121,Boat Headphones Pro,Headphones,Boat,"Boat Headphones Pro is a headphones known for great performance, build quality and value for money. Ideal for daily use, headphones lovers, and tech enthusiasts.",72861.17
122,Boat Headphones Max,Headphones,Boat,"Boat Headphones Max is a headphones known for great performance, build quality and value for money. Ideal for daily use, headphones lovers, and tech enthusiasts.",80751.13
123,Boat Headphones Ultra,Headphones,Boat,"Boat Headphones Ultra is a headphones known for great performance, build quality and value for money. Ideal for daily use, headphones lovers, and tech enthusiasts.",29301.31
124,Boat Headphones Lite,Headphones,Boat,"Boat Headphones Lite is a headphones known for great performance, build quality and value for money. Ideal for daily use, headphones lovers, and tech enthusiasts.",10793.62
125,Boat Headphones Plus,Headphones,Boat,"Boat Headphones Plus is a headphones known for great performance, build quality and value for money. Ideal for daily use, headphones lovers, and tech enthusiasts.",21285.23
126,Boat Headphones Air,Headphones,Boat,"Boat Headphones Air is a headphones known for great performance, build quality and value for money. Ideal for daily use, headphones lovers, and tech enthusiasts.",39011.59
127,Boat Headphones Neo,Headphones,Boat,"Boat Headphones Neo is a headphones known for great performance, build quality and value for money. Ideal for daily use, headphones lovers, and tech enthusiasts.",73802.31
128,Boat Headphones Edge,Headphones,Boat,"Boat Headphones Edge is a headphones known for great performance, build quality and value for money. Ideal for daily use, headphones lovers, and tech enthusiasts.",77604.02
129,Boat Headphones X,Headphones,Boat,"Boat Headphones X is a headphones known for great performance, build quality and value for money. Ideal for daily use, headphones lovers, and tech enthusiasts.",1617.74
130,Boat Headphones 2024,Headphones,Boat,"Boat Headphones 2024 is a headphones known for great performance, build quality and value for money. Ideal for daily use, headphones lovers, and tech enthusiasts.",46455.51
131,Bose Headphones Pro,Headphones,Bose,"Bose Headphones Pro is a headphones known for great performance, build quality and value for money. Ideal for daily use, headphones lovers, and tech enthusiasts.",38148.58
132,Bose Headphones Max,Headphones,Bose,"Bose Headphones Max is a headphones known for great performance, build quality and value for money. Ideal for daily use, headphones lovers, and tech enthusiasts.",20766.6
133,Bose Headphones Ultra,Headphones,Bose,"Bose Headphones Ultra is a headphones known for great performance, build quality and value for money. Ideal for daily use, headphones lovers, and tech enthusiasts.",11667.02
134,Bose Headphones Lite,Headphones,Bose,"Bose Headphones Lite is a headphones known for great performance, build quality and value for money. Ideal for daily use, headphones lovers, and tech enthusiasts.",31046.75
135,Bose Headphones Plus,Headphones,Bose,"Bose Headphones Plus is a headphones known for great performance, build quality and value for money. Ideal for daily use, headphones lovers, and tech enthusiasts.",84917.96
136,Bose Headphones Air,Headphones,Bose,"Bose Headphones Air is a headphones known for great performance, build quality and value for money. Ideal for daily use, headphones lovers, and tech enthusiasts.",29764.06
137,Bose Headphones Neo,Headphones,Bose,"Bose Headphones Neo is a headphones known for great performance, build quality and value for money. Ideal for daily use, headphones lovers, and tech enthusiasts.",47171.37
138,Bose Headphones Edge,Headphones,Bose,"Bose Headphones Edge is a headphones known for great performance, build quality and value for money. Ideal for daily use, headphones lovers, and tech enthusiasts.",63567.69
139,Bose Headphones X,Headphones,Bose,"Bose Headphones X is a headphones known for great performance, build quality and value for money. Ideal for daily use, headphones lovers, and tech enthusiasts.",33362.03
140,Bose Headphones 2024,Headphones,Bose,"Bose Headphones 2024 is a headphones known for great performance, build quality and value for money. Ideal for daily use, headphones lovers, and tech enthusiasts.",87487.61
141,Apple Headphones Pro,Headphones,Apple,"Apple Headphones Pro is a headphones known for great performance, build quality and value for money. Ideal for daily use, headphones lovers, and tech enthusiasts.",86656.81
142,Apple Headphones Max,Headphones,Apple,"Apple Headphones Max is a headphones known for great performance, build quality and value for money. Ideal for daily use, headphones lovers, and tech enthusiasts.",23407.62
143,Apple Headphones Ultra,Headphones,Apple,"Apple Headphones Ultra is a headphones known for great performance, build quality and value for money. Ideal for daily use, headphones lovers, and tech enthusiasts.",45254.12
144,Apple Headphones Lite,Headphones,Apple,"Apple Headphones Lite is a headphones known for great performance, build quality and value for money. Ideal for daily use, headphones lovers, and tech enthusiasts.",27777.17
145,Apple Headphones Plus,Headphones,Apple,"Apple Headphones Plus is a headphones known for great performance, build quality and value for money. Ideal for daily use, headphones lovers, and tech enthusiasts.",26349.8
146,Apple Headphones Air,Headphones,Apple,"Apple Headphones Air is a headphones known for great performance, build quality and value for money. Ideal for daily use, headphones lovers, and tech enthusiasts.",4281.94
147,Apple Headphones Neo,Headphones,Apple,"Apple Headphones Neo is a headphones known for great performance, build quality and value for money. Ideal for daily use, headphones lovers, and tech enthusiasts.",55250.23
148,Apple Headphones Edge,Headphones,Apple,"Apple Headphones Edge is a headphones known for great performance, build quality and value for money. Ideal for daily use, headphones lovers, and tech enthusiasts.",45737.43
149,Apple Headphones X,Headphones,Apple,"Apple Headphones X is a headphones known for great performance, build quality and value for money. Ideal for daily use, headphones lovers, and tech enthusiasts.",5580.61
150,Apple Headphones 2024,Headphones,Apple,"Apple Headphones 2024 is a headphones known for great performance, build quality and value for money. Ideal for daily use, headphones lovers, and tech enthusiasts.",25798.54
151,Noise Smartwatch Pro,Smartwatch,Noise,"Noise Smartwatch Pro is a smartwatch known for great performance, build quality and value for money. Ideal for daily use, smartwatch lovers, and tech enthusiasts.",81834.66
152,Noise Smartwatch Max,Smartwatch,Noise,"Noise Smartwatch Max is a smartwatch known for great performance, build quality and value for money. Ideal for daily use, smartwatch lovers, and tech enthusiasts.",22320.01
153,Noise Smartwatch Ultra,Smartwatch,Noise,"Noise Smartwatch Ultra is a smartwatch known for great performance, build quality and value for money. Ideal for daily use, smartwatch lovers, and tech enthusiasts.",13894.64
154,Noise Smartwatch Lite,Smartwatch,Noise,"Noise Smartwatch Lite is a smartwatch known for great performance, build quality and value for money. Ideal for daily use, smartwatch lovers, and tech enthusiasts.",44560.3
155,Noise Smartwatch Plus,Smartwatch,Noise,"Noise Smartwatch Plus is a smartwatch known for great performance, build quality and value for money. Ideal for daily use, smartwatch lovers, and tech enthusiasts.",88721.89
156,Noise Smartwatch Air,Smartwatch,Noise,"Noise Smartwatch Air is a smartwatch known for great performance, build quality and value for money. Ideal for daily use, smartwatch lovers, and tech enthusiasts.",22541.92
157,Noise Smartwatch Neo,Smartwatch,Noise,"Noise Smartwatch Neo is a smartwatch known for great performance, build quality and value for money. Ideal for daily use, smartwatch lovers, and tech enthusiasts.",60819.06
158,Noise Smartwatch Edge,Smartwatch,Noise,"Noise Smartwatch Edge is a smartwatch known for great performance, build quality and value for money. Ideal for daily use, smartwatch lovers, and tech enthusiasts.",68783.15
159,Noise Smartwatch X,Smartwatch,Noise,"Noise Smartwatch X is a smartwatch known for great performance, build quality and value for money. Ideal for daily use, smartwatch lovers, and tech enthusiasts.",22148.74
160,Noise Smartwatch 2024,Smartwatch,Noise,"Noise Smartwatch 2024 is a smartwatch known for great performance, build quality and value for money. Ideal for daily use, smartwatch lovers, and tech enthusiasts.",65810.26
161,Fire-Boltt Smartwatch Pro,Smartwatch,Fire-Boltt,"Fire-Boltt Smartwatch Pro is a smartwatch known for great performance, build quality and value for money. Ideal for daily use, smartwatch lovers, and tech enthusiasts.",33731.7
162,Fire-Boltt Smartwatch Max,Smartwatch,Fire-Boltt,"Fire-Boltt Smartwatch Max is a smartwatch known for great performance, build quality and value for money. Ideal for daily use, smartwatch lovers, and tech enthusiasts.",57274.22
163,Fire-Boltt Smartwatch Ultra,Smartwatch,Fire-Boltt,"Fire-Boltt Smartwatch Ultra is a smartwatch known for great performance, build quality and value for money. Ideal for daily use, smartwatch lovers, and tech enthusiasts.",57383.14
164,Fire-Boltt Smartwatch Lite,Smartwatch,Fire-Boltt,"Fire-Boltt Smartwatch Lite is a smartwatch known for great performance, build quality and value for money. Ideal for daily use, smartwatch lovers, and tech enthusiasts.",48682.95
165,Fire-Boltt Smartwatch Plus,Smartwatch,Fire-Boltt,"Fire-Boltt Smartwatch Plus is a smartwatch known for great performance, build quality and value for money. Ideal for daily use, smartwatch lovers, and tech enthusiasts.",9034.79
166,Fire-Boltt Smartwatch Air,Smartwatch,Fire-Boltt,"Fire-Boltt Smartwatch Air is a smartwatch known for great performance, build quality and value for money. Ideal for daily use, smartwatch lovers, and tech enthusiasts.",75340.92
167,Fire-Boltt Smartwatch Neo,Smartwatch,Fire-Boltt,"Fire-Boltt Smartwatch Neo is a smartwatch known for great performance, build quality and value for money. Ideal for daily use, smartwatch lovers, and tech enthusiasts.",29548.43
168,Fire-Boltt Smartwatch Edge,Smartwatch,Fire-Boltt,"Fire-Boltt Smartwatch Edge is a smartwatch known for great performance, build quality and value for money. Ideal for daily use, smartwatch lovers, and tech enthusiasts.",17599.15
169,Fire-Boltt Smartwatch X,Smartwatch,Fire-Boltt,"Fire-Boltt Smartwatch X is a smartwatch known for great performance, build quality and value for money. Ideal for daily use, smartwatch lovers, and tech enthusiasts.",4627.99
170,Fire-Boltt Smartwatch 2024,Smartwatch,Fire-Boltt,"Fire-Boltt Smartwatch 2024 is a smartwatch known for great performance, build quality and value for money. Ideal for daily use, smartwatch lovers, and tech enthusiasts.",53588.47
171,Apple Smartwatch Pro,Smartwatch,Apple,"Apple Smartwatch Pro is a smartwatch known for great performance, build quality and value for money. Ideal for daily use, smartwatch lovers, and tech enthusiasts.",61302.23
172,Apple Smartwatch Max,Smartwatch,Apple,"Apple Smartwatch Max is a smartwatch known for great performance, build quality and value for money. Ideal for daily use, smartwatch lovers, and tech enthusiasts.",2475.32
173,Apple Smartwatch Ultra,Smartwatch,Apple,"Apple Smartwatch Ultra is a smartwatch known for great performance, build quality and value for money. Ideal for daily use, smartwatch lovers, and tech enthusiasts.",46575.28
174,Apple Smartwatch Lite,Smartwatch,Apple,"Apple Smartwatch Lite is a smartwatch known for great performance, build quality and value for money. Ideal for daily use, smartwatch lovers, and tech enthusiasts.",21157.12
175,Apple Smartwatch Plus,Smartwatch,Apple,"Apple Smartwatch Plus is a smartwatch known for great performance, build quality and value for money. Ideal for daily use, smartwatch lovers, and tech enthusiasts.",58419.38
176,Apple Smartwatch Air,Smartwatch,Apple,"Apple Smartwatch Air is a smartwatch known for great performance, build quality and value for money. Ideal for daily use, smartwatch lovers, and tech enthusiasts.",16517.61
177,Apple Smartwatch Neo,Smartwatch,Apple,"Apple Smartwatch Neo is a smartwatch known for great performance, build quality and value for money. Ideal for daily use, smartwatch lovers, and tech enthusiasts.",62492.46
178,Apple Smartwatch Edge,Smartwatch,Apple,"Apple Smartwatch Edge is a smartwatch known for great performance, build quality and value for money. Ideal for daily use, smartwatch lovers, and tech enthusiasts.",35418.45
179,Apple Smartwatch X,Smartwatch,Apple,"Apple Smartwatch X is a smartwatch known for great performance, build quality and value for money. Ideal for daily use, smartwatch lovers, and tech enthusiasts.",84367.97
180,Apple Smartwatch 2024,Smartwatch,Apple,"Apple Smartwatch 2024 is a smartwatch known for great performance, build quality and value for money. Ideal for daily use, smartwatch lovers, and tech enthusiasts.",13238.36
181,Samsung Smartwatch Pro,Smartwatch,Samsung,"Samsung Smartwatch Pro is a smartwatch known for great performance, build quality and value for money. Ideal for daily use, smartwatch lovers, and tech enthusiasts.",31353.91
182,Samsung Smartwatch Max,Smartwatch,Samsung,"Samsung Smartwatch Max is a smartwatch known for great performance, build quality and value for money. Ideal for daily use, smartwatch lovers, and tech enthusiasts.",11098.14
183,Samsung Smartwatch Ultra,Smartwatch,Samsung,"Samsung Smartwatch Ultra is a smartwatch known for great performance, build quality and value for money. Ideal for daily use, smartwatch lovers, and tech enthusiasts.",83296.73
184,Samsung Smartwatch Lite,Smartwatch,Samsung,"Samsung Smartwatch Lite is a smartwatch known for great performance, build quality and value for money. Ideal for daily use, smartwatch lovers, and tech enthusiasts.",79082.2
185,Samsung Smartwatch Plus,Smartwatch,Samsung,"Samsung Smartwatch Plus is a smartwatch known for great performance, build quality and value for money. Ideal for daily use, smartwatch lovers, and tech enthusiasts.",23955.8
186,Samsung Smartwatch Air,Smartwatch,Samsung,"Samsung Smartwatch Air is a smartwatch known for great performance, build quality and value for money. Ideal for daily use, smartwatch lovers, and tech enthusiasts.",59737.58
187,Samsung Smartwatch Neo,Smartwatch,Samsung,"Samsung Smartwatch Neo is a smartwatch known for great performance, build quality and value for money. Ideal for daily use, smartwatch lovers, and tech enthusiasts.",73731.78
188,Samsung Smartwatch Edge,Smartwatch,Samsung,"Samsung Smartwatch Edge is a smartwatch known for great performance, build quality and value for money. Ideal for daily use, smartwatch lovers, and tech enthusiasts.",50411.87
189,Samsung Smartwatch X,Smartwatch,Samsung,"Samsung Smartwatch X is a smartwatch known for great performance, build quality and value for money. Ideal for daily use, smartwatch lovers, and tech enthusiasts.",48137.9
190,Samsung Smartwatch 2024,Smartwatch,Samsung,"Samsung Smartwatch 2024 is a smartwatch known for great performance, build quality and value for money. Ideal for daily use, smartwatch lovers, and tech enthusiasts.",22523.85
191,Fitbit Smartwatch Pro,Smartwatch,Fitbit,"Fitbit Smartwatch Pro is a smartwatch known for great performance, build quality and value for money. Ideal for daily use, smartwatch lovers, and tech enthusiasts.",9285.15
192,Fitbit Smartwatch Max,Smartwatch,Fitbit,"Fitbit Smartwatch Max is a smartwatch known for great performance, build quality and value for money. Ideal for daily use, smartwatch lovers, and tech enthusiasts.",80851.2
193,Fitbit Smartwatch Ultra,Smartwatch,Fitbit,"Fitbit Smartwatch Ultra is a smartwatch known for great performance, build quality and value for money. Ideal for daily use, smartwatch lovers, and tech enthusiasts.",81136.21
194,Fitbit Smartwatch Lite,Smartwatch,Fitbit,"Fitbit Smartwatch Lite is a smartwatch known for great performance, build quality and value for money. Ideal for daily use, smartwatch lovers, and tech enthusiasts.",57345.03
195,Fitbit Smartwatch Plus,Smartwatch,Fitbit,"Fitbit Smartwatch Plus is a smartwatch known for great performance, build quality and value for money. Ideal for daily use, smartwatch lovers, and tech enthusiasts.",31172.65
196,Fitbit Smartwatch Air,Smartwatch,Fitbit,"Fitbit Smartwatch Air is a smartwatch known for great performance, build quality and value for money. Ideal for daily use, smartwatch lovers, and tech enthusiasts.",32078.65
197,Fitbit Smartwatch Neo,Smartwatch,Fitbit,"Fitbit Smartwatch Neo is a smartwatch known for great performance, build quality and value for money. Ideal for daily use, smartwatch lovers, and tech enthusiasts.",65609.06
198,Fitbit Smartwatch Edge,Smartwatch,Fitbit,"Fitbit Smartwatch Edge is a smartwatch known for great performance, build quality and value for money. Ideal for daily use, smartwatch lovers, and tech enthusiasts.",80841.81
199,Fitbit Smartwatch X,Smartwatch,Fitbit,"Fitbit Smartwatch X is a smartwatch known for great performance, build quality and value for money. Ideal for daily use, smartwatch lovers, and tech enthusiasts.",79949.69
200,Fitbit Smartwatch 2024,Smartwatch,Fitbit,"Fitbit Smartwatch 2024 is a smartwatch known for great performance, build quality and value for money. Ideal for daily use, smartwatch lovers, and tech enthusiasts.",70407.92
201,Nike Shoes Pro,Shoes,Nike,"Nike Shoes Pro is a shoes known for great performance, build quality and value for money. Ideal for daily use, shoes lovers, and tech enthusiasts.",58139.82
202,Nike Shoes Max,Shoes,Nike,"Nike Shoes Max is a shoes known for great performance, build quality and value for money. Ideal for daily use, shoes lovers, and tech enthusiasts.",8487.46
203,Nike Shoes Ultra,Shoes,Nike,"Nike Shoes Ultra is a shoes known for great performance, build quality and value for money. Ideal for daily use, shoes lovers, and tech enthusiasts.",15383.96
204,Nike Shoes Lite,Shoes,Nike,"Nike Shoes Lite is a shoes known for great performance, build quality and value for money. Ideal for daily use, shoes lovers, and tech enthusiasts.",80970.32
205,Nike Shoes Plus,Shoes,Nike,"Nike Shoes Plus is a shoes known for great performance, build quality and value for money. Ideal for daily use, shoes lovers, and tech enthusiasts.",54971.19
206,Nike Shoes Air,Shoes,Nike,"Nike Shoes Air is a shoes known for great performance, build quality and value for money. Ideal for daily use, shoes lovers, and tech enthusiasts.",1817.54
207,Nike Shoes Neo,Shoes,Nike,"Nike Shoes Neo is a shoes known for great performance, build quality and value for money. Ideal for daily use, shoes lovers, and tech enthusiasts.",10029.97
208,Nike Shoes Edge,Shoes,Nike,"Nike Shoes Edge is a shoes known for great performance, build quality and value for money. Ideal for daily use, shoes lovers, and tech enthusiasts.",60050.66
209,Nike Shoes X,Shoes,Nike,"Nike Shoes X is a shoes known for great performance, build quality and value for money. Ideal for daily use, shoes lovers, and tech enthusiasts.",1449.48
210,Nike Shoes 2024,Shoes,Nike,"Nike Shoes 2024 is a shoes known for great performance, build quality and value for money. Ideal for daily use, shoes lovers, and tech enthusiasts.",15310.92
211,Adidas Shoes Pro,Shoes,Adidas,"Adidas Shoes Pro is a shoes known for great performance, build quality and value for money. Ideal for daily use, shoes lovers, and tech enthusiasts.",49836.31
212,Adidas Shoes Max,Shoes,Adidas,"Adidas Shoes Max is a shoes known for great performance, build quality and value for money. Ideal for daily use, shoes lovers, and tech enthusiasts.",62577.67
213,Adidas Shoes Ultra,Shoes,Adidas,"Adidas Shoes Ultra is a shoes known for great performance, build quality and value for money. Ideal for daily use, shoes lovers, and tech enthusiasts.",59023.55
214,Adidas Shoes Lite,Shoes,Adidas,"Adidas Shoes Lite is a shoes known for great performance, build quality and value for money. Ideal for daily use, shoes lovers, and tech enthusiasts.",20958.97
215,Adidas Shoes Plus,Shoes,Adidas,"Adidas Shoes Plus is a shoes known for great performance, build quality and value for money. Ideal for daily use, shoes lovers, and tech enthusiasts.",64382.95
216,Adidas Shoes Air,Shoes,Adidas,"Adidas Shoes Air is a shoes known for great performance, build quality and value for money. Ideal for daily use, shoes lovers, and tech enthusiasts.",22114.17
217,Adidas Shoes Neo,Shoes,Adidas,"Adidas Shoes Neo is a shoes known for great performance, build quality and value for money. Ideal for daily use, shoes lovers, and tech enthusiasts.",29959.57
218,Adidas Shoes Edge,Shoes,Adidas,"Adidas Shoes Edge is a shoes known for great performance, build quality and value for money. Ideal for daily use, shoes lovers, and tech enthusiasts.",67436.74
219,Adidas Shoes X,Shoes,Adidas,"Adidas Shoes X is a shoes known for great performance, build quality and value for money. Ideal for daily use, shoes lovers, and tech enthusiasts.",58816.33
220,Adidas Shoes 2024,Shoes,Adidas,"Adidas Shoes 2024 is a shoes known for great performance, build quality and value for money. Ideal for daily use, shoes lovers, and tech enthusiasts.",76579.88
221,Puma Shoes Pro,Shoes,Puma,"Puma Shoes Pro is a shoes known for great performance, build quality and value for money. Ideal for daily use, shoes lovers, and tech enthusiasts.",59526.55
222,Puma Shoes Max,Shoes,Puma,"Puma Shoes Max is a shoes known for great performance, build quality and value for money. Ideal for daily use, shoes lovers, and tech enthusiasts.",51578.47
223,Puma Shoes Ultra,Shoes,Puma,"Puma Shoes Ultra is a shoes known for great performance, build quality and value for money. Ideal for daily use, shoes lovers, and tech enthusiasts.",9336.05
224,Puma Shoes Lite,Shoes,Puma,"Puma Shoes Lite is a shoes known for great performance, build quality and value for money. Ideal for daily use, shoes lovers, and tech enthusiasts.",33725.71
225,Puma Shoes Plus,Shoes,Puma,"Puma Shoes Plus is a shoes known for great performance, build quality and value for money. Ideal for daily use, shoes lovers, and tech enthusiasts.",24602.01
226,Puma Shoes Air,Shoes,Puma,"Puma Shoes Air is a shoes known for great performance, build quality and value for money. Ideal for daily use, shoes lovers, and tech enthusiasts.",22714.08
227,Puma Shoes Neo,Shoes,Puma,"Puma Shoes Neo is a shoes known for great performance, build quality and value for money. Ideal for daily use, shoes lovers, and tech enthusiasts.",87596.94
228,Puma Shoes Edge,Shoes,Puma,"Puma Shoes Edge is a shoes known for great performance, build quality and value for money. Ideal for daily use, shoes lovers, and tech enthusiasts.",35984.7
229,Puma Shoes X,Shoes,Puma,"Puma Shoes X is a shoes known for great performance, build quality and value for money. Ideal for daily use, shoes lovers, and tech enthusiasts.",80391.14
230,Puma Shoes 2024,Shoes,Puma,"Puma Shoes 2024 is a shoes known for great performance, build quality and value for money. Ideal for daily use, shoes lovers, and tech enthusiasts.",57170.34
231,Reebok Shoes Pro,Shoes,Reebok,"Reebok Shoes Pro is a shoes known for great performance, build quality and value for money. Ideal for daily use, shoes lovers, and tech enthusiasts.",71737.21
232,Reebok Shoes Max,Shoes,Reebok,"Reebok Shoes Max is a shoes known for great performance, build quality and value for money. Ideal for daily use, shoes lovers, and tech enthusiasts.",45733.7
233,Reebok Shoes Ultra,Shoes,Reebok,"Reebok Shoes Ultra is a shoes known for great performance, build quality and value for money. Ideal for daily use, shoes lovers, and tech enthusiasts.",52343.45
234,Reebok Shoes Lite,Shoes,Reebok,"Reebok Shoes Lite is a shoes known for great performance, build quality and value for money. Ideal for daily use, shoes lovers, and tech enthusiasts.",44833.07
235,Reebok Shoes Plus,Shoes,Reebok,"Reebok Shoes Plus is a shoes known for great performance, build quality and value for money. Ideal for daily use, shoes lovers, and tech enthusiasts.",18375.63
236,Reebok Shoes Air,Shoes,Reebok,"Reebok Shoes Air is a shoes known for great performance, build quality and value for money. Ideal for daily use, shoes lovers, and tech enthusiasts.",65297.24
237,Reebok Shoes Neo,Shoes,Reebok,"Reebok Shoes Neo is a shoes known for great performance, build quality and value for money. Ideal for daily use, shoes lovers, and tech enthusiasts.",25987.74
238,Reebok Shoes Edge,Shoes,Reebok,"Reebok Shoes Edge is a shoes known for great performance, build quality and value for money. Ideal for daily use, shoes lovers, and tech enthusiasts.",3163.12
239,Reebok Shoes X,Shoes,Reebok,"Reebok Shoes X is a shoes known for great performance, build quality and value for money. Ideal for daily use, shoes lovers, and tech enthusiasts.",58446.03
240,Reebok Shoes 2024,Shoes,Reebok,"Reebok Shoes 2024 is a shoes known for great performance, build quality and value for money. Ideal for daily use, shoes lovers, and tech enthusiasts.",16761.85
241,Bata Shoes Pro,Shoes,Bata,"Bata Shoes Pro is a shoes known for great performance, build quality and value for money. Ideal for daily use, shoes lovers, and tech enthusiasts.",84699.81
242,Bata Shoes Max,Shoes,Bata,"Bata Shoes Max is a shoes known for great performance, build quality and value for money. Ideal for daily use, shoes lovers, and tech enthusiasts.",85898.64
243,Bata Shoes Ultra,Shoes,Bata,"Bata Shoes Ultra is a shoes known for great performance, build quality and value for money. Ideal for daily use, shoes lovers, and tech enthusiasts.",82421.93
244,Bata Shoes Lite,Shoes,Bata,"Bata Shoes Lite is a shoes known for great performance, build quality and value for money. Ideal for daily use, shoes lovers, and tech enthusiasts.",33943.12
245,Bata Shoes Plus,Shoes,Bata,"Bata Shoes Plus is a shoes known for great performance, build quality and value for money. Ideal for daily use, shoes lovers, and tech enthusiasts.",2374.64
246,Bata Shoes Air,Shoes,Bata,"Bata Shoes Air is a shoes known for great performance, build quality and value for money. Ideal for daily use, shoes lovers, and tech enthusiasts.",83619.35
247,Bata Shoes Neo,Shoes,Bata,"Bata Shoes Neo is a shoes known for great performance, build quality and value for money. Ideal for daily use, shoes lovers, and tech enthusiasts.",39107.39
248,Bata Shoes Edge,Shoes,Bata,"Bata Shoes Edge is a shoes known for great performance, build quality and value for money. Ideal for daily use, shoes lovers, and tech enthusiasts.",87031.28
249,Bata Shoes X,Shoes,Bata,"Bata Shoes X is a shoes known for great performance, build quality and value for money. Ideal for daily use, shoes lovers, and tech enthusiasts.",86761.18
250,Bata Shoes 2024,Shoes,Bata,"Bata Shoes 2024 is a shoes known for great performance, build quality and value for money. Ideal for daily use, shoes lovers, and tech enthusiasts.",76916.84
251,Canon Camera Pro,Camera,Canon,"Canon Camera Pro is a camera known for great performance, build quality and value for money. Ideal for daily use, camera lovers, and tech enthusiasts.",27204.95
252,Canon Camera Max,Camera,Canon,"Canon Camera Max is a camera known for great performance, build quality and value for money. Ideal for daily use, camera lovers, and tech enthusiasts.",35272.7
253,Canon Camera Ultra,Camera,Canon,"Canon Camera Ultra is a camera known for great performance, build quality and value for money. Ideal for daily use, camera lovers, and tech enthusiasts.",76750.16
254,Canon Camera Lite,Camera,Canon,"Canon Camera Lite is a camera known for great performance, build quality and value for money. Ideal for daily use, camera lovers, and tech enthusiasts.",29205.06
255,Canon Camera Plus,Camera,Canon,"Canon Camera Plus is a camera known for great performance, build quality and value for money. Ideal for daily use, camera lovers, and tech enthusiasts.",16083.85
256,Canon Camera Air,Camera,Canon,"Canon Camera Air is a camera known for great performance, build quality and value for money. Ideal for daily use, camera lovers, and tech enthusiasts.",50554.31
257,Canon Camera Neo,Camera,Canon,"Canon Camera Neo is a camera known for great performance, build quality and value for money. Ideal for daily use, camera lovers, and tech enthusiasts.",84316.77
258,Canon Camera Edge,Camera,Canon,"Canon Camera Edge is a camera known for great performance, build quality and value for money. Ideal for daily use, camera lovers, and tech enthusiasts.",62945.65
259,Canon Camera X,Camera,Canon,"Canon Camera X is a camera known for great performance, build quality and value for money. Ideal for daily use, camera lovers, and tech enthusiasts.",51734.44
260,Canon Camera 2024,Camera,Canon,"Canon Camera 2024 is a camera known for great performance, build quality and value for money. Ideal for daily use, camera lovers, and tech enthusiasts.",9647.71
261,Nikon Camera Pro,Camera,Nikon,"Nikon Camera Pro is a camera known for great performance, build quality and value for money. Ideal for daily use, camera lovers, and tech enthusiasts.",55734.64
262,Nikon Camera Max,Camera,Nikon,"Nikon Camera Max is a camera known for great performance, build quality and value for money. Ideal for daily use, camera lovers, and tech enthusiasts.",89113.79
263,Nikon Camera Ultra,Camera,Nikon,"Nikon Camera Ultra is a camera known for great performance, build quality and value for money. Ideal for daily use, camera lovers, and tech enthusiasts.",13466.48
264,Nikon Camera Lite,Camera,Nikon,"Nikon Camera Lite is a camera known for great performance, build quality and value for money. Ideal for daily use, camera lovers, and tech enthusiasts.",47130.34
265,Nikon Camera Plus,Camera,Nikon,"Nikon Camera Plus is a camera known for great performance, build quality and value for money. Ideal for daily use, camera lovers, and tech enthusiasts.",79085.2
266,Nikon Camera Air,Camera,Nikon,"Nikon Camera Air is a camera known for great performance, build quality and value for money. Ideal for daily use, camera lovers, and tech enthusiasts.",66927.41
267,Nikon Camera Neo,Camera,Nikon,"Nikon Camera Neo is a camera known for great performance, build quality and value for money. Ideal for daily use, camera lovers, and tech enthusiasts.",63033.4
268,Nikon Camera Edge,Camera,Nikon,"Nikon Camera Edge is a camera known for great performance, build quality and value for money. Ideal for daily use, camera lovers, and tech enthusiasts.",63520.08
269,Nikon Camera X,Camera,Nikon,"Nikon Camera X is a camera known for great performance, build quality and value for money. Ideal for daily use, camera lovers, and tech enthusiasts.",32993.71
270,Nikon Camera 2024,Camera,Nikon,"Nikon Camera 2024 is a camera known for great performance, build quality and value for money. Ideal for daily use, camera lovers, and tech enthusiasts.",27128.67
271,Sony Camera Pro,Camera,Sony,"Sony Camera Pro is a camera known for great performance, build quality and value for money. Ideal for daily use, camera lovers, and tech enthusiasts.",73032.14
272,Sony Camera Max,Camera,Sony,"Sony Camera Max is a camera known for great performance, build quality and value for money. Ideal for daily use, camera lovers, and tech enthusiasts.",73099.09
273,Sony Camera Ultra,Camera,Sony,"Sony Camera Ultra is a camera known for great performance, build quality and value for money. Ideal for daily use, camera lovers, and tech enthusiasts.",78168.44
274,Sony Camera Lite,Camera,Sony,"Sony Camera Lite is a camera known for great performance, build quality and value for money. Ideal for daily use, camera lovers, and tech enthusiasts.",82277.41
275,Sony Camera Plus,Camera,Sony,"Sony Camera Plus is a camera known for great performance, build quality and value for money. Ideal for daily use, camera lovers, and tech enthusiasts.",46508.47
276,Sony Camera Air,Camera,Sony,"Sony Camera Air is a camera known for great performance, build quality and value for money. Ideal for daily use, camera lovers, and tech enthusiasts.",45633.95
277,Sony Camera Neo,Camera,Sony,"Sony Camera Neo is a camera known for great performance, build quality and value for money. Ideal for daily use, camera lovers, and tech enthusiasts.",72047.27
278,Sony Camera Edge,Camera,Sony,"Sony Camera Edge is a camera known for great performance, build quality and value for money. Ideal for daily use, camera lovers, and tech enthusiasts.",58845.79
279,Sony Camera X,Camera,Sony,"Sony Camera X is a camera known for great performance, build quality and value for money. Ideal for daily use, camera lovers, and tech enthusiasts.",63474.05
280,Sony Camera 2024,Camera,Sony,"Sony Camera 2024 is a camera known for great performance, build quality and value for money. Ideal for daily use, camera lovers, and tech enthusiasts.",71824.55
281,GoPro Camera Pro,Camera,GoPro,"GoPro Camera Pro is a camera known for great performance, build quality and value for money. Ideal for daily use, camera lovers, and tech enthusiasts.",80209.48
282,GoPro Camera Max,Camera,GoPro,"GoPro Camera Max is a camera known for great performance, build quality and value for money. Ideal for daily use, camera lovers, and tech enthusiasts.",31080.57
283,GoPro Camera Ultra,Camera,GoPro,"GoPro Camera Ultra is a camera known for great performance, build quality and value for money. Ideal for daily use, camera lovers, and tech enthusiasts.",34425.88
284,GoPro Camera Lite,Camera,GoPro,"GoPro Camera Lite is a camera known for great performance, build quality and value for money. Ideal for daily use, camera lovers, and tech enthusiasts.",9363.39
285,GoPro Camera Plus,Camera,GoPro,"GoPro Camera Plus is a camera known for great performance, build quality and value for money. Ideal for daily use, camera lovers, and tech enthusiasts.",52465.93
286,GoPro Camera Air,Camera,GoPro,"GoPro Camera Air is a camera known for great performance, build quality and value for money. Ideal for daily use, camera lovers, and tech enthusiasts.",4197.86
287,GoPro Camera Neo,Camera,GoPro,"GoPro Camera Neo is a camera known for great performance, build quality and value for money. Ideal for daily use, camera lovers, and tech enthusiasts.",42437.22
288,GoPro Camera Edge,Camera,GoPro,"GoPro Camera Edge is a camera known for great performance, build quality and value for money. Ideal for daily use, camera lovers, and tech enthusiasts.",49294.37
289,GoPro Camera X,Camera,GoPro,"GoPro Camera X is a camera known for great performance, build quality and value for money. Ideal for daily use, camera lovers, and tech enthusiasts.",26501.17
290,GoPro Camera 2024,Camera,GoPro,"GoPro Camera 2024 is a camera known for great performance, build quality and value for money. Ideal for daily use, camera lovers, and tech enthusiasts.",53583.16
291,Fujifilm Camera Pro,Camera,Fujifilm,"Fujifilm Camera Pro is a camera known for great performance, build quality and value for money. Ideal for daily use, camera lovers, and tech enthusiasts.",3713.52
292,Fujifilm Camera Max,Camera,Fujifilm,"Fujifilm Camera Max is a camera known for great performance, build quality and value for money. Ideal for daily use, camera lovers, and tech enthusiasts.",4322.99
293,Fujifilm Camera Ultra,Camera,Fujifilm,"Fujifilm Camera Ultra is a camera known for great performance, build quality and value for money. Ideal for daily use, camera lovers, and tech enthusiasts.",74210.45
294,Fujifilm Camera Lite,Camera,Fujifilm,"Fujifilm Camera Lite is a camera known for great performance, build quality and value for money. Ideal for daily use, camera lovers, and tech enthusiasts.",33055.97
295,Fujifilm Camera Plus,Camera,Fujifilm,"Fujifilm Camera Plus is a camera known for great performance, build quality and value for money. Ideal for daily use, camera lovers, and tech enthusiasts.",12307.39
296,Fujifilm Camera Air,Camera,Fujifilm,"Fujifilm Camera Air is a camera known for great performance, build quality and value for money. Ideal for daily use, camera lovers, and tech enthusiasts.",47478.65
297,Fujifilm Camera Neo,Camera,Fujifilm,"Fujifilm Camera Neo is a camera known for great performance, build quality and value for money. Ideal for daily use, camera lovers, and tech enthusiasts.",69528.43
298,Fujifilm Camera Edge,Camera,Fujifilm,"Fujifilm Camera Edge is a camera known for great performance, build quality and value for money. Ideal for daily use, camera lovers, and tech enthusiasts.",20207.07
299,Fujifilm Camera X,Camera,Fujifilm,"Fujifilm Camera X is a camera known for great performance, build quality and value for money. Ideal for daily use, camera lovers, and tech enthusiasts.",56436.25
300,Fujifilm Camera 2024,Camera,Fujifilm,"Fujifilm Camera 2024 is a camera known for great performance, build quality and value for money. Ideal for daily use, camera lovers, and tech enthusiasts.",8594.92
